response_id,version,block,example_id,output_id,language,vuln_type,tool,clarity,severity_justification,specificity,actionability,completeness,written_feedback
R_2H2cO2FGQ81RUM5,calibration,TC1,EX002,OUT005,java,sqli,semgrep,5,3,4,4,5,Easy to understand as it explains that a formatted SQL string may allow SQL injection. It gives the exact location and identifies the SQL statement as the problem. The severity is marked as warning but the explanation of the possible impact is brief. The guidance is useful because it recommends using a PreparedStatement but it doesn't show the exact code change.
R_2H2cO2FGQ81RUM5,calibration,TC2,EX007,OUT014,java,xss,codeql,4,2,4,1,4,"The output identifies a cross site scripting vulnerability, it gives the rule name and provides the exact line and column. But it only labels the severity as error without explaining why the issue is serious or what could happen if it is exploited. The guidance explains the general risk but it doesn't provide how to fix it, such as escaping or sanitising the user input before writing it to the web page. So the output includes four of the five parts, but the remediation advice is missing."
R_2H2cO2FGQ81RUM5,calibration,TC3,EX012,OUT022,java,path-traversal,bearer,4,2,4,2,5,"The output is easy to understand because it clearly says that the issue is SQL injection and it gives the rule name, severity, location and a message. It also points to the exact line and column, so it is specific. But the severity is only labeled as WARNING and doesn't really explain why this is serious for this code or what could happen if it is exploited. The fix advice is very general, it says to use prepared statements but it doesn't show exactly how to change the code. So overall, it does include all the main parts but some of the explanations are not very detailed."
R_2H2cO2FGQ81RUM5,calibration,TC4,EX017,OUT030,java,cmd-injection,semgrep,5,3,4,4,5,It is easy to understand as it clearly explains that formatted SQL string could allow SQL injection.  It gives the exact location and identifies the use of a formatted string in the SQL statement. The severity is marked as warning but the output  only gives short explanation of the possible impact. The guidance is also useful because it recommends using a PreparedStatement but it doesn't show the exact code that's needed to fix the issue.
R_2H2cO2FGQ81RUM5,calibration,TC5,EX021,OUT036,python,sqli,codeql,5,2,4,2,4,The output is easy to understand as it identifies SQL injection and gives the exact location. However it only gives an error label and doesn't explain why the issue is serious or what could happen if it is exploited. The guidance doesn't clearly say to use a parameterised query or show how to fix the code. It includes most of the parts but the remediation advice is not complete.
R_2H2cO2FGQ81RUM5,calibration,TC6,EX029,OUT053,python,xss,semgrep,4,4,5,4,5,The output is clear but can be very complex.  It explains that disabling HTML escaping may cause XSS. It gives the exact location and it also suggests safer flask template settings.
R_2H2cO2FGQ81RUM5,calibration,TC7,EX031,OUT055,python,path-traversal,codeql,5,2,4,2,4,"It's easy to understand as it identifies a path injection problem and gives the exact location. But it only labels the issue as an error and doesn't explain how serious it is or what an attacker could access.  The guidance gives a warning but doesn't explain how to fix the problem, such as checking the path or allowing files only from a safe directory. Most of the parts are included but the explanation and fix are limited."
R_2H2cO2FGQ81RUM5,calibration,TC8,EX039,OUT065,python,cmd-injection,bearer,5,5,4,5,5,"This output is easy to understand. It clearly labels the issue as critical and explains that unsafe user input is being used in an operating system command. It also explains the possible impact, which includes command injection and system compromise. The output points to the exact line where the problem occurs, although it doesn't identify the exact part of the line in detail. the guidance is useful and it gives several clear fixes, such as avoiding dynamic OS commands, using safer built in functions and allowing only approved input values."
R_2H2cO2FGQ81RUM5,calibration,TC9,EX042,OUT071,javascript,sqli,bearer,4,5,4,5,5,"The output is easy to understand but the guidance is long and it contains a lot of technical detail. It clearly marks the issue as critical and it explains that unsanitised input could let attackers change the SQL query, read data or even modify the database. It identifies line 58 but doesn't  give the exact part of the line that causes the problem. The guidance is also very useful."
R_2H2cO2FGQ81RUM5,calibration,TC10,EX046,OUT077,javascript,xss,bearer,4,5,5,4,5,"It's easy to understand, but the guidance is long and a bit complex. It clearly explains that unsafe user input in dangerouslySetInnerHTML could allow cross site scripting attacks. It gives the exact location and identifies the use of dangerouslySetInnerHTML with filename.  The guidance recommends sanitising the input before displaying it, which is useful but it doesn't clearly show the safest code change or suggest how to avoid this method if possible"
R_2H2cO2FGQ81RUM5,calibration,TC11,EX051,OUT086,javascript,path-traversal,semgrep,5,5,5,4,5,"The output clearly explains that the user input is passed to res.sendFile, which could allow path traversal and access to files in the system. It gives a warning severity and explains the possible impact. It also identifies the exact location, line 33, column 20 and points to the use of the file path with res.sendFile. the output recommends validating the input and checking that the path stays inside the intended directory. The guidance is useful but it doesn't show the exact code changes needed."
R_2H2cO2FGQ81RUM5,calibration,TC12,EX058,OUT100,javascript,cmd-injection,codeql,5,2,4,2,4,"The output identifies a command injection problem and gives the exact location. But it only labels the issue as an error and doesn't explain how serious the problem is or what damage an attacker could cause. The guidance explains the general risk but doesn't give a clear fix, such as avoiding exec or using a safe process method with fixed arguments. It includes  the main details but the explanation and repair advice are limited."
R_2MhUN41eLbBqnAX,validation,TV1,EX001,OUT003,java,sqli,semgrep,5,3,4,3,4,"Clear explanation, but not very specific."
R_2MhUN41eLbBqnAX,validation,TV2,EX006,OUT012,java,xss,codeql,4,3,5,2,3,Very vague.
R_2MhUN41eLbBqnAX,validation,TV3,EX011,OUT019,java,path-traversal,bearer,5,5,5,5,5,Extremely accurate output.
R_2MhUN41eLbBqnAX,validation,TV4,EX019,OUT032,java,cmd-injection,semgrep,5,5,5,5,5,"Again, the output is clear as day."
R_2MhUN41eLbBqnAX,validation,TV5,EX025,OUT047,python,sqli,codeql,1,1,3,1,1,"Seems to be caught in a logic loop, where it can't explain the exact issue so tries again."
R_2MhUN41eLbBqnAX,validation,TV6,EX030,OUT054,python,xss,semgrep,5,4,5,4,5,Another standard XSS vulnerability.
R_2MhUN41eLbBqnAX,validation,TV7,EX032,OUT056,python,path-traversal,codeql,5,4,5,3,5,"Very clear output, but next to no remediation guidance."
R_2MhUN41eLbBqnAX,validation,TV8,EX037,OUT063,python,cmd-injection,bearer,4,4,4,5,5,Nice and specific guidance.
R_2MhUN41eLbBqnAX,validation,TV9,EX041,OUT068,javascript,sqli,bearer,3,5,5,5,5,"Complex, but seems to be thorough and specific on what to do."
R_2MhUN41eLbBqnAX,validation,TV10,EX047,OUT079,javascript,xss,bearer,3,5,5,3,5,"The output is as clear as it can be, within reason."
R_2MhUN41eLbBqnAX,validation,TV11,EX052,OUT090,javascript,path-traversal,semgrep,3,2,5,2,5,"With the right understanding, the output is clear to understand, with a very evident explanation of the issue. However, it doesn't necessarily explain exactly how to remedy it."
R_2MhUN41eLbBqnAX,validation,TV12,EX060,OUT103,javascript,cmd-injection,codeql,4,3,5,2,3,"Very broad output, without any exact guidance on how to rectify."
R_2Q6q1H5ZwGUMb9G,calibration,TC1,EX002,OUT005,java,sqli,semgrep,5,5,5,5,5,the codes are correct and well presented
R_2Q6q1H5ZwGUMb9G,calibration,TC2,EX007,OUT014,java,xss,codeql,5,4,5,5,5,The imported codes are good
R_2Q6q1H5ZwGUMb9G,calibration,TC3,EX012,OUT022,java,path-traversal,bearer,5,5,5,5,5,The codes correspond with each other
R_2Q6q1H5ZwGUMb9G,calibration,TC4,EX017,OUT030,java,cmd-injection,semgrep,4,5,4,5,4,Nothing was missing
R_2Q6q1H5ZwGUMb9G,calibration,TC5,EX021,OUT036,python,sqli,codeql,4,3,5,4,3,It has few things missing
R_2Q6q1H5ZwGUMb9G,calibration,TC6,EX029,OUT053,python,xss,semgrep,5,5,5,5,4,Nothing was missing
R_2Q6q1H5ZwGUMb9G,calibration,TC7,EX031,OUT055,python,path-traversal,codeql,3,4,3,4,3,The outcome is not good and neither bad
R_2Q6q1H5ZwGUMb9G,calibration,TC8,EX039,OUT065,python,cmd-injection,bearer,4,4,5,5,5,The codes outcome are good
R_2Q6q1H5ZwGUMb9G,calibration,TC9,EX042,OUT071,javascript,sqli,bearer,5,4,5,4,5,The goods are missing nothing
R_2Q6q1H5ZwGUMb9G,calibration,TC10,EX046,OUT077,javascript,xss,bearer,5,5,5,5,5,I understand more about coding
R_2Q6q1H5ZwGUMb9G,calibration,TC11,EX051,OUT086,javascript,path-traversal,semgrep,4,5,4,5,5,everything was easy nothing missing
R_2Q6q1H5ZwGUMb9G,calibration,TC12,EX058,OUT100,javascript,cmd-injection,codeql,2,1,2,1,2,It has low effort
R_2nSF3SlL7gDPVXz,validation,TV1,EX001,OUT003,java,sqli,semgrep,4,3,5,4,5,"It was easy to follow and clearly pointed to the problem. It explained that user input could cause sql injection and suggested using parameterized queries. It was helpful, but I would still need an example to know exactly how to fix it."
R_2nSF3SlL7gDPVXz,validation,TV2,EX006,OUT012,java,xss,codeql,4,2,4,2,5,"The warning is mostly easy to understand because it clearly says there is a cross-site scripting issue caused by user input. It also tells me the exact location in the code. However, it doesn't explain why the severity is ""error"" or what could happen if someone exploited it. The guidance is very general and doesn't show exactly how to fix the code, so I would need to search for more information before making changes. Overall, it gives the important information, but more explanation and a clearer fix would make it easier to use."
R_2nSF3SlL7gDPVXz,validation,TV3,EX011,OUT019,java,path-traversal,bearer,4,5,4,4,5,"It was mostly easy to understand and explained why using user input in a file path is risky. It gave helpful suggestions and even an example of how to make the code safer, so it was easy to see what needed to change."
R_2nSF3SlL7gDPVXz,validation,TV4,EX019,OUT032,java,cmd-injection,semgrep,4,4,5,4,5,"It was easy enough to understand and clearly showed where the problem was. It explained that using user input in system commands could be dangerous and suggested using a whitelist instead. I understood the warning, but a simple code example would have made the fix clearer."
R_2nSF3SlL7gDPVXz,validation,TV5,EX025,OUT047,python,sqli,codeql,3,3,4,2,4,"I understood that it was warning about SQL injection, but the message was repetitive and a bit confusing. It showed where the issue was, but it didn't really explain how to fix it, so I'd need more guidance."
R_2nSF3SlL7gDPVXz,validation,TV6,EX030,OUT054,python,xss,semgrep,4,4,4,4,5,"It was mostly easy to understand even though I don't know Python. It explained the risk, showed where the issue was, and suggested using Django's template engine. I think it covered everything, but a simple example would have made it easier to understand."
R_2nSF3SlL7gDPVXz,validation,TV7,EX032,OUT056,python,path-traversal,codeql,3,3,4,2,5,"I could understand the main idea, but some of the terms were confusing because I don't know Python. It tells me where the problem is and why it could be risky, but I wasn't sure what I should actually change to fix it."
R_2nSF3SlL7gDPVXz,validation,TV8,EX037,OUT063,python,cmd-injection,bearer,4,5,4,4,5,"It was mostly easy to understand, even though I don't know Python. It explained why the issue is dangerous and what could happen if someone exploited it. It also gave some ideas on how to fix it, but I think an example would have made it easier to follow."
R_2nSF3SlL7gDPVXz,validation,TV9,EX041,OUT068,javascript,sqli,bearer,4,5,4,5,5,It was easy to understand and explained why the issue is dangerous. It pointed to the problem and gave clear suggestions like validating input and using parameterized queries. The examples made it easier to understand what should be changed.
R_2nSF3SlL7gDPVXz,validation,TV10,EX047,OUT079,javascript,xss,bearer,5,3,5,4,5,"The output is clear and easy to understand. It shows the exact line with the issue and explains why it is a security risk. It also suggests sanitizing the data, but it doesn't show exactly how to do it. Overall, it includes all the important information."
R_2nSF3SlL7gDPVXz,validation,TV11,EX052,OUT090,javascript,path-traversal,semgrep,4,4,4,4,5,"It was mostly easy to understand and explained why using user input with sendFile could be risky. It gave a good idea of what should be changed, but I think a simple example would have made the fix easier to understand."
R_2nSF3SlL7gDPVXz,validation,TV12,EX060,OUT103,javascript,cmd-injection,codeql,4,3,5,2,3,"It was mostly easy to understand and showed the exact line with the problem. It explained that using user input in a command could be risky, but it didn't really tell me how to fix it. I would need more guidance before changing the code."
R_2nlAbBZeBZjGODz,calibration,TC1,EX002,OUT005,java,sqli,semgrep,5,3,5,4,4,easy to read and tells you the exact line and column number where the database bug is . also explains how a hacker could use the SOL to  steal information. it does not show an example of safe codes
R_2nlAbBZeBZjGODz,calibration,TC2,EX007,OUT014,java,xss,codeql,5,3,5,1,4,easy to read and also specify exact line number and column where the error  is. the guidance section is not helpful at all as it tells you why the code is bad without telling you how to fix it.
R_2nlAbBZeBZjGODz,calibration,TC3,EX012,OUT022,java,path-traversal,bearer,5,3,5,5,2,"The message is very easy to read and understand. It tells you the exact line and column number where the database issue is located. It also warns you about how hackers can steal information using a trick called SQL injection.While it tells you the names of the safe Java tools to use, it does not show you a clear example of corrected code. Instead, it gives you an outside web link and expects you to look up the instructions yourself."
R_2nlAbBZeBZjGODz,calibration,TC4,EX017,OUT030,java,cmd-injection,semgrep,5,3,5,2,5,"The message is very easy to read. It tells you the exact line and column numbers where the code mistake is located. It also explains how bad guys can use a database trick called SQL injection to harm your app. While it names the safe tools you should use to fix it, it does not show you a clear example of safe code. Instead, it gives you an outside web link and expects you to read the long instructions yourself."
R_2nlAbBZeBZjGODz,calibration,TC5,EX021,OUT036,python,sqli,codeql,5,3,5,1,4,"The message is very easy to read and understand. It gives the exact line and column number where the security mistake is located. It also lets you know that the problem is a serious error. However, this tool is not helpful for fixing the problem. The section called Guidance does not actually guide you at all. It just repeats what the mistake is instead of showing you how to fix it with safe code example"
R_2nlAbBZeBZjGODz,calibration,TC6,EX029,OUT053,python,xss,semgrep,5,3,4,2,5,easy to understand and read. specifies the exact line number where the issue is and the type of hacking that could occur. however the guidance is to broad it has to show how to fix the current code and gives you an external link
R_2nlAbBZeBZjGODz,calibration,TC7,EX031,OUT055,python,path-traversal,codeql,5,3,5,4,4,what made the outputs clear is that everything is easy to read. The exact lines of where the problem are specified. also explains how attackers can access resources. although the the remedy or guidance  on how to fix code it just specifies the error
R_2nlAbBZeBZjGODz,calibration,TC8,EX039,OUT065,python,cmd-injection,bearer,5,3,4,5,2,"The message is very organized and easy to read. It tells you the exact line number where the problem is and accurately labels it as ""critical."" It even uses handy bullet points to show what you should and shouldn't do."
R_2nlAbBZeBZjGODz,calibration,TC9,EX042,OUT071,javascript,sqli,bearer,4,3,4,4,5,"very detailed and easy to read. It tells you that the problem is ""critical"" and points to the exact line number.This tool is awesome because it actually shows you exactly how to fix the bug. It gives you a real JavaScript code example of what bad code looks like, and then shows you a clean example of how to make it safe. The only  problem is that the code examples are all squished together in one giant paragraph, which makes it look messy and  hard to read at first glance."
R_2nlAbBZeBZjGODz,calibration,TC10,EX046,OUT077,javascript,xss,bearer,5,5,4,4,5,the outputs were clear because the are easy to read and understand. it finds the exact line with an issue and labels it  on it level of danger.  also explain how a hacker can use this mistake. compared to others this more  helpfull as it shows an example of the code and how to fix it.
R_2nlAbBZeBZjGODz,calibration,TC11,EX051,OUT086,javascript,path-traversal,semgrep,4,5,5,2,5,The outputs are clear because they are easier to understand the concepts used where straightfoward. what made the output hard to act on is that no inderect development lacked
R_2nlAbBZeBZjGODz,calibration,TC12,EX058,OUT100,javascript,cmd-injection,codeql,5,3,5,1,4,"The message is very easy to read and understand. It shows you the exact line number and column number where the dangerous command is hiding. It also warns you that the issue is a serious ""error. However, this tool does not help you fix the mistake. The Guidance section just gives a definition of the bug. It fails to show you safe ways to handle the text or show any examples of clean code"
R_2qDabv3CMIZjn4a,calibration,TC1,EX002,OUT005,java,sqli,semgrep,4,5,4,4,5,It's mostly clear but outside the line nothing specific of the exact part that causes the issue. Also an example of how to apply the solution would have been appreciated.
R_2qDabv3CMIZjn4a,calibration,TC2,EX007,OUT014,java,xss,codeql,5,5,4,1,4,Simple and clear but no fix is suggested.
R_2qDabv3CMIZjn4a,calibration,TC3,EX012,OUT022,java,path-traversal,bearer,5,4,4,4,4,The threat ain't mentioned also could have used an example for a better explanation.
R_2qDabv3CMIZjn4a,calibration,TC4,EX017,OUT030,java,cmd-injection,semgrep,3,5,5,4,5,"It's more or less clear but some parts like the ""rule"" ain't that clear. The type of error that might happen is also not fully obvious or how to apply the solution exactly. There is a link for guidance but nothing else in that section."
R_2qDabv3CMIZjn4a,calibration,TC5,EX021,OUT036,python,sqli,codeql,5,4,4,1,4,Easy and simple to read and understand but no fix is suggested. The guidance explains the threat instead of guiding you towards the solution.
R_2qDabv3CMIZjn4a,calibration,TC6,EX029,OUT053,python,xss,semgrep,4,5,4,4,4,"May be confusing for those who ain't familiar with the flask method, also the guidance is generic"
R_2qDabv3CMIZjn4a,calibration,TC7,EX031,OUT055,python,path-traversal,codeql,5,3,5,1,4,"The rule and guidance are clearer and simpler to read, however there is no indication of how to fix the issue"
R_2qDabv3CMIZjn4a,calibration,TC8,EX039,OUT065,python,cmd-injection,bearer,4,5,4,5,5,The guidance part is well structured although still a bit monolothic. Could have been devided between it and message. I'm not sure whether using hard coded values is the best solution.
R_2qDabv3CMIZjn4a,calibration,TC9,EX042,OUT071,javascript,sqli,bearer,3,5,5,5,5,Everything is explained but the guidance part is so monolothic and hard to read and put together.
R_2qDabv3CMIZjn4a,calibration,TC10,EX046,OUT077,javascript,xss,bearer,3,5,4,3,5,"The guidance part is monolothic, also it doesn't well explain how to solve the issue"
R_2qDabv3CMIZjn4a,calibration,TC11,EX051,OUT086,javascript,path-traversal,semgrep,4,5,4,3,4,The fix is not that specific but the problem and the threat are well explained.
R_2qDabv3CMIZjn4a,calibration,TC12,EX058,OUT100,javascript,cmd-injection,codeql,5,2,4,2,4,It's simple to read but the threat ain't mentioned and the fix is so broad.
R_2tpwiU3YuTN3PlD,validation,TV1,EX001,OUT003,java,sqli,semgrep,5,4,5,2,5,"The alert is very readable and clear. It gives precise coordinates for the issue at line 57, column 13. The tool justifies the ""WARNING"" label by explicitly tracking the HTTP request input into the SQL sink, though it leaves out the potential real-world impact of the injection. The suggested fix is standard, telling me to use parameterized queries, but it remains generic and doesn't demonstrate how to refactor the specific CallableStatement setup in the snippet."
R_2tpwiU3YuTN3PlD,validation,TV2,EX006,OUT012,java,xss,codeql,4,3,5,1,4,"The code is clear but could be even better. the [user-provided value](1) looks like a broken link or a rendering artifact. On the other hand, it gives exact coordinates for the flaw at line 55, column 71. It classifies the issue as an error and states that writing user input directly causes XSS, but it doesnt explain the actual impact of an XSS exploit. The real big problem is the total lack of a suggested fix, the tool just states or sanitization strategies, meaning it misses the remediation component entirely."
R_2tpwiU3YuTN3PlD,validation,TV3,EX011,OUT019,java,path-traversal,bearer,5,3,4,2,5,"The output is clear and includes all five required parts. It proves an exact line number but no column details. The justification broadly explains the dangers of path traversal, but it doesnt tie it specifically to the cookie input used in the snippet. The remediation section gives a good example using filenameUtils, but it doesnt show exactly how to apply it to the code."
R_2tpwiU3YuTN3PlD,validation,TV4,EX019,OUT032,java,cmd-injection,semgrep,5,3,5,2,5,"I can say that the SAST output is very clear and contains all the 5 components of a vulnerability report, including exact coordinates for the issue at line 62, column 9. However, while it accurately identifies the vulnerability as command injection, the severity justification is somewhat basic and doesn't fully explain the potential impact of an exploit. Also, the remediation advice is broad and generic rather than providing concrete steps on how to fix the specific code snippet provided, making it slightly harder to act on immediately. That´s it in my opinion."
R_2tpwiU3YuTN3PlD,validation,TV5,EX025,OUT047,python,sqli,codeql,2,3,5,1,4,"I mean, the clarity of this output is mainly impacted by what appears to be a rendering bug, as the exact same sentence is repeated ten times in the Message section. Despite this details, the tool provides exact coordinates for the issue at the line 342, column 28. It includes a severity label and a general explanation of why SQL injection is dangerous, but it does not tie this explanation directly to the provided code snippet's context. Most importantly, the output kinda fails to provide any remediation guidance or suggest a fix. It only explains the nature of the vulnerability without instructing the user on how to resolve it."
R_2tpwiU3YuTN3PlD,validation,TV6,EX030,OUT054,python,xss,semgrep,5,4,5,2,5,"The output is clear, it gives exact coordinates at line 20, column 12. It explains that HttpResponse bypasses XSS defenses, linking the severity to the specific code, but doesnt explain exactly the full exploit impact. The suggested fix just tells you to use Django's template engine and provides a link, without showing exactly how to rewrite the snippet."
R_2tpwiU3YuTN3PlD,validation,TV7,EX032,OUT056,python,path-traversal,codeql,4,3,5,1,4,"The text is clear but could be better, it has a broken tag. It accurately pinpoints the exact location at line 8, column 5. The severity is labeled as an error, and the guidance gives a broad explanation of a tar slip vulnerability, but it doesnt tie it to the specific lack of filters in the snippet's extractall call. The tool completely fails to provide a fix, it doesn't even suggest using the filter=""data"" argument."
R_2tpwiU3YuTN3PlD,validation,TV8,EX037,OUT063,python,cmd-injection,bearer,5,3,4,2,5,"The clarity once again is very clear and straightforward. It correctly points to line 21, though it misses the exact column or variable. The severity section just drops a generic definition of command injection without linking it to the python subprocess call we see in the code. Finally, the remediation advice is to broad-telling me to use hardcoded values doesnt really show how  to patch this exact script."
R_2tpwiU3YuTN3PlD,validation,TV9,EX041,OUT068,javascript,sqli,bearer,5,3,4,2,5,"The output is easy to read and has all five required parts. It points to line 34 but not the exact column. The severity explanation is just a generic definition of SQL injection, without mentioning the context of this specific login query. The suggested fix gives good examples for Sequelize, but they are generic and not tailored to fix the snippet's exact code."
R_2tpwiU3YuTN3PlD,validation,TV10,EX047,OUT079,javascript,xss,bearer,5,4,4,2,5,"The message is very clear. It gives the exact line number but lacks a bit of the column details. It is good at justifying the 'high' severity by explicitly warning about the XSS risks of the dangerouslySetInnerHTML method seen in the snippet. However, the suggested fix is just a generic example calling a hypothetical sanitize() function, giving no actual guidance on what library to use or how to patch the preview.content variable specifically."
R_2tpwiU3YuTN3PlD,validation,TV11,EX052,OUT090,javascript,path-traversal,semgrep,5,5,5,2,5,"The output is clear and very understandable. It points exactly to line 14, column 20. It clearly explains that using res.sendFile with user input allows arbitrary file reads, fully justifying the severity. However, the suggested fix is just general advice and a link, lacking a specific solution for this code."
R_2tpwiU3YuTN3PlD,validation,TV12,EX060,OUT103,javascript,cmd-injection,codeql,4,3,5,1,4,"Again the text is clear, but i can see a broken [user-provided value](1) tag. It does the job done very well pointing straight to line 25, column 26. The severity justification gives a very basic definition of command injection without referencing the spawn function used in the snippet. The main problem is the complete unexistence of remediation advice,  it just states the issue and leaves you hanging with no suggested fix at all."
R_2zUwdRcSmTd8bIH,calibration,TC1,EX002,OUT005,java,sqli,semgrep,5,3,4,4,5,the output is easy to read with exact location. the severity explanation is generic but it doesn't point to what's unusual about the query. the remediation advice names the right fix but doesn't show a rewritten version
R_2zUwdRcSmTd8bIH,calibration,TC2,EX007,OUT014,java,xss,codeql,5,2,4,1,4,"the output is clear and it identifies the issue as well as exact code location. It labels the issue as error but it doesn't explain why this severity level is appropriate or what impact it could have. For actionability: it doesn't tell the developer what to chance and for the 5th question, there's no actual instructions for fixing it."
R_2zUwdRcSmTd8bIH,calibration,TC3,EX012,OUT022,java,path-traversal,bearer,5,2,3,4,5,it's clear. for severity justification the message is very generic. specificity i give 3 because it highlights the exact location. acctionability i give 4 because names the concrete fix but doesn't show a rewritten example. for completeness is has all the 5 parts
R_2zUwdRcSmTd8bIH,calibration,TC4,EX017,OUT030,java,cmd-injection,semgrep,5,2,3,4,5,it's clear and location is clear as well but points to the generic executequery call inside a shared helper not to where a query is built with unsanitized input. on the other side its easy to read and gives concrete remediation advice but the severity feels generic rather than grounded in the actual code shown
R_2zUwdRcSmTd8bIH,calibration,TC5,EX021,OUT036,python,sqli,codeql,5,3,4,1,4,"1- the SQL injection is clear and easy to understand. 2- it gives an error and broadly explains the risk. 3- the location is precise. 4-I chose the first option because it doesn't suggest a fix. 4- it contains severity, issue description, location and explanation but no remediation guidance."
R_2zUwdRcSmTd8bIH,calibration,TC6,EX029,OUT053,python,xss,semgrep,4,1,2,3,4,the message itself is well written there was some problem in line 23. it includes 4/5 parts overall
R_2zUwdRcSmTd8bIH,calibration,TC7,EX031,OUT055,python,path-traversal,codeql,3,2,4,1,4,"The output is understandable, but the phrasing is a bit unclear “user-provided value”. It correctly flags that the file path traces back to request. GET.get('name', ''), and the location is precise, though it points to a downstream use of path rather than where it’s actually constructed from user input. The severity label isn’t backed by an explanation of impact  and  there’s no remediation advice at all, so a developer would have to figure out the fix (path validation/sanitization) on their own."
R_2zUwdRcSmTd8bIH,calibration,TC8,EX039,OUT065,python,cmd-injection,bearer,4,3,4,4,5,5/5 parts. the rest is clear from the choises
R_2zUwdRcSmTd8bIH,calibration,TC9,EX042,OUT071,javascript,sqli,bearer,4,3,3,5,5,it includes all thr 5/5.
R_2zUwdRcSmTd8bIH,calibration,TC10,EX046,OUT077,javascript,xss,bearer,4,5,5,5,5,"the output is clear but just some parts are unclear. i give 5 to severity justification as it ties the risk specifically to dangerouslysetinnnerHTML, it shows the exact location. for actionability it gives a direct code fix.  for completeness it includes the 5 parts"
R_2zUwdRcSmTd8bIH,calibration,TC11,EX051,OUT086,javascript,path-traversal,semgrep,4,4,5,3,5,5/5 parts all included as explained
R_2zUwdRcSmTd8bIH,calibration,TC12,EX058,OUT100,javascript,cmd-injection,codeql,3,3,5,1,4,for clarity i gave 3 because there are parts that require more effort . for severity justification the guidance explains the general risk but it doesn't connect it to this specific case. for location is clear. Actionability I gave 1 because no remediation is given at all. for last one it doesn't include remediation so 4/5
R_4ucTJHJNd9ZJHwt,calibration,TC1,EX002,OUT005,java,sqli,semgrep,4,5,4,4,5,"The SAST output was clear and easy to understand. It showed where the problem was (line 94), explained that it could cause SQL injection, and suggested using `PreparedStatement` as a fix. This made it easy to know what needed to be changed.

However, it could have been more helpful if it showed the actual code causing the issue and explained why it was considered a risk. It also wasn't completely clear why the severity was only marked as a warning.

Overall, the output was specific and actionable, but more code context and explanation would have made it easier to understand and fix."
R_4ucTJHJNd9ZJHwt,calibration,TC2,EX007,OUT014,java,xss,codeql,5,3,5,1,3,"The output is clear because it explains that user input is being written directly to a web page, which can cause an XSS vulnerability. It also gives the exact line where the problem occurs, making it easy to find.

However, it does not explain why the issue is marked as an “error” or what could happen if an attacker exploited it. It also does not provide any advice on how to fix the problem. It would be more helpful if it suggested escaping or sanitizing the user input before displaying it on the page.

Overall, the issue and location are clear, but the output is missing specific remediation guidance and more explanation of the potential impact."
R_4ucTJHJNd9ZJHwt,calibration,TC3,EX012,OUT022,java,path-traversal,bearer,5,3,4,2,5,"The output is clear because it explains that the SQL query could lead to SQL injection and recommends using a PreparedStatement instead. It also gives the line where the issue was found, making it easy to locate.

However, it does not explain why this is considered a warning or what could happen if the issue was exploited. The suggested fix is also quite general and does not show how to change the specific code. It would be more helpful if it pointed out exactly which query is causing the problem and showed an example of how to fix it.

Overall, the output is easy to understand and gives useful information, but it could provide more detail about the specific code and the fix."
R_4ucTJHJNd9ZJHwt,calibration,TC4,EX017,OUT030,java,cmd-injection,semgrep,5,5,4,4,5,"The SAST output was clear because it identified the issue, showed exactly where it was in the code, and explained the possible SQL injection risk. It also gave a specific recommendation to use `PreparedStatement`, which makes the issue easy to act on.

However, it could be improved by showing the actual code that caused the warning and explaining whether the variables were actually coming from user input. Overall, it was clear and useful, but more context would make it easier to understand and fix."
R_4ucTJHJNd9ZJHwt,calibration,TC5,EX021,OUT036,python,sqli,codeql,5,3,4,2,4,"The output is clear because it explains that the SQL query uses a user-provided value and could allow malicious SQL to be inserted. It also gives the exact line where the problem was found, making it easy to locate.

However, it does not explain why the issue is marked as an “error” or what could happen if someone exploited it. It also does not give a specific fix, such as using a parameterized query instead of putting the username and password directly into the SQL statement.

Overall, the issue and its location are clear, but the output could be more helpful by explaining the impact and giving a specific example of how to fix the code."
R_4ucTJHJNd9ZJHwt,calibration,TC6,EX029,OUT053,python,xss,semgrep,5,4,4,4,5,"The output is clear because it explains that using Jinja2 directly could bypass HTML escaping and lead to XSS. It also gives the exact line where the issue was found and recommends using Flask's `render_template()` method with HTML templates.

The severity is explained well because it connects the issue to a real security risk. The suggested fix is also useful and gives a clear direction on what to change. However, it could be even better if it showed an example of how to change the specific code.

Overall, the output is clear, specific, and easy to act on. It includes the main information needed to understand the issue and fix it."
R_4ucTJHJNd9ZJHwt,calibration,TC7,EX031,OUT055,python,path-traversal,codeql,4,3,5,2,5,"The output is quite clear because it explains that the file path uses a value provided by the user, which could allow access to files that should not be accessible. It also gives the exact line where the problem is, so it is easy to find.

However, it does not explain why the issue is marked as an “error” or what could happen if someone exploited it. It also does not give clear steps on how to fix the problem. It would be more helpful if it suggested how to safely check the filename or limit access to the correct folder.

Overall, the problem and its location are clear, but the fix could have been explained better."
R_4ucTJHJNd9ZJHwt,calibration,TC8,EX039,OUT065,python,cmd-injection,bearer,5,5,4,4,5,"The output is clear because it explains that user input is being used in an OS command and that this could allow command injection. It also explains why the issue is critical and what could happen if an attacker exploits it.

The location is provided as line 81, although the output could be more specific by pointing directly to the `subprocess.Popen` command. The suggested fixes are useful because they recommend avoiding dynamic input in OS commands and using safer alternatives or predefined values.

Overall, the output is clear, specific, and easy to act on. It includes the severity, the problem, the location, the risk, and guidance on how to fix it."
R_4ucTJHJNd9ZJHwt,calibration,TC9,EX042,OUT071,javascript,sqli,bearer,5,5,4,5,5,"The output is clear because it explains that unsanitized input in the SQL query could lead to SQL injection. It also explains the possible impact, such as attackers changing queries or accessing or modifying data.

The output gives the exact line where the issue was found. It also provides clear ways to fix it, including validating the input and using parameterized queries. The example makes the recommended fix easy to understand and apply.

Overall, the output is clear, specific, and very actionable. It includes the severity, problem, location, explanation of the risk, and detailed guidance on how to fix it."
R_4ucTJHJNd9ZJHwt,calibration,TC10,EX046,OUT077,javascript,xss,bearer,5,5,4,5,5,"The output is clear because it explains that using `dangerouslySetInnerHTML` with unsanitized user input can lead to XSS attacks. It also explains what an attacker could do by injecting malicious scripts.

The output gives the exact line where the problem occurs and clearly identifies the use of `dangerouslySetInnerHTML` as the cause. It also gives a clear fix by recommending that the data should be sanitized before being added to the HTML.

Overall, the output is clear, specific, and easy to act on. It includes all the important information, although it could be even better if it suggested a specific sanitization library or showed how to apply the fix to this exact code."
R_4ucTJHJNd9ZJHwt,calibration,TC11,EX051,OUT086,javascript,path-traversal,semgrep,5,4,5,4,5,"The output is clear because it explains that user input is passed to `res.sendFile`, which could allow an attacker to access files outside the intended directory. It also gives the exact line and identifies the function involved, making the problem easy to find.

The severity is explained well because it describes the possible impact of path traversal and unauthorized file access. The suggested fix is also useful because it recommends validating the input and checking the path against the intended directory.

Overall, the output is clear, specific, and easy to act on. It includes the main information needed to understand the problem and how to address it. It could only be improved by giving a specific code example of the recommended fix."
R_4ucTJHJNd9ZJHwt,calibration,TC12,EX058,OUT100,javascript,cmd-injection,codeql,5,4,5,1,3,"The output is clear because it explains that a user-provided value is being used in a command and that this could allow the user to change what the command does. It also gives the exact line where the problem occurs, making it easy to find.

However, it does not give any advice on how to fix the problem. It also does not explain exactly what could happen if the command was exploited. A better output would suggest avoiding the use of user input directly in the command or using a safer way to run the command.

Overall, the issue and its location are clear, but the output is missing useful remediation guidance."
R_850OPE9kP69Qmdz,calibration,TC1,EX002,OUT005,java,sqli,semgrep,5,5,5,5,5,This output put everything easy there for the coder to understand how this issue is serious
R_850OPE9kP69Qmdz,calibration,TC2,EX007,OUT014,java,xss,codeql,1,1,1,1,1,"It just reports the issue only, it does not say anything about the solutions."
R_850OPE9kP69Qmdz,calibration,TC3,EX012,OUT022,java,path-traversal,bearer,5,5,4,2,5,"It is clear because it also tells the coder on how to fix, gave the location of the error and why is it serious"
R_850OPE9kP69Qmdz,calibration,TC4,EX017,OUT030,java,cmd-injection,semgrep,5,5,5,5,5,This explains everything that is there to be explained
R_850OPE9kP69Qmdz,calibration,TC5,EX021,OUT036,python,sqli,codeql,1,1,1,1,1,"It  only points the code line, nothing on security and why is this issue serious."
R_850OPE9kP69Qmdz,calibration,TC6,EX029,OUT053,python,xss,semgrep,5,5,5,5,5,"But the tool here missed a simple thing especially for junior developers, They would be confused as to why use render_template() for flask in a Django project"
R_850OPE9kP69Qmdz,calibration,TC7,EX031,OUT055,python,path-traversal,codeql,1,1,1,1,1,"it only points a line, it says nothing about the line, it does not say why is the issue serious"
R_850OPE9kP69Qmdz,calibration,TC8,EX039,OUT065,python,cmd-injection,bearer,3,2,4,2,3,"It points the line but does not suggest a fix that is specifically for this error, one more, it does not explain as to why is this serious"
R_850OPE9kP69Qmdz,calibration,TC9,EX042,OUT071,javascript,sqli,bearer,5,5,5,5,5,It explains everything and makes it easy for the coder to know how to fix and how to get guidance
R_850OPE9kP69Qmdz,calibration,TC10,EX046,OUT077,javascript,xss,bearer,5,5,5,5,5,"This is accurate, it explains everything and makes it clear why is this serious"
R_850OPE9kP69Qmdz,calibration,TC11,EX051,OUT086,javascript,path-traversal,semgrep,5,5,5,5,5,"This is clear, it points out the idea on how this affects the code should there be an attacker"
R_850OPE9kP69Qmdz,calibration,TC12,EX058,OUT100,javascript,cmd-injection,codeql,2,2,2,2,2,This does not do much
R_8CeHTeszsVbgYNP,validation,TV1,EX001,OUT003,java,sqli,semgrep,5,4,4,4,5,output is clear and explains that user input reaching the SQL statement could lead to SQL injection.. It identifies the reported code location and provides useful remediation guidance by recommending parameterized queries or proper input sanitization
R_8CeHTeszsVbgYNP,validation,TV2,EX006,OUT012,java,xss,codeql,5,3,4,1,4,"output is clear and concise, and it identifies the exact location of the reported issue...  It explain that writing user input directly to a web page can cause an XSS vulnerability"
R_8CeHTeszsVbgYNP,validation,TV3,EX011,OUT019,java,path-traversal,bearer,5,5,4,5,5,"it's very clear and explains the file path issue , why unsanitized user input is dangerous, the potential impact such as unauthorized file access and data breaches"
R_8CeHTeszsVbgYNP,validation,TV4,EX019,OUT032,java,cmd-injection,semgrep,5,5,5,4,5,output is very clear and explains that HTTP request input reaching ProcessBuilder or an exec command could lead to command injection if it is not properly sanitized
R_8CeHTeszsVbgYNP,validation,TV5,EX025,OUT047,python,sqli,codeql,3,3,4,1,4,"its somewhat unclear because the same message is repeated many times, making it difficult to understand which specific user  provided values are relevant"
R_8CeHTeszsVbgYNP,validation,TV6,EX030,OUT054,python,xss,semgrep,4,3,5,4,5,output is clear and specific because it explains the potential XSS issue and identifies the exact code location.. also it provides useful remediation guidance by recommending the django template engine
R_8CeHTeszsVbgYNP,validation,TV7,EX032,OUT056,python,path-traversal,codeql,5,5,5,2,5,it's clear and explain that extracting files from an untrusted tar archive can allow files outside the intended destination directory to be overwritten
R_8CeHTeszsVbgYNP,validation,TV8,EX037,OUT063,python,cmd-injection,bearer,5,5,4,4,5,"output is very clear because it explains the command injection issue, why it is dangerous, what could happen if it is exploited.."
R_8CeHTeszsVbgYNP,validation,TV9,EX041,OUT068,javascript,sqli,bearer,5,5,4,4,5,output is very clear and explains the SQL injection issue and what could happen if the issue is exploited
R_8CeHTeszsVbgYNP,validation,TV10,EX047,OUT079,javascript,xss,bearer,5,5,4,5,5,output is very clear because it explains the XSS issue and why unsanitized input is dangerous
R_8CeHTeszsVbgYNP,validation,TV11,EX052,OUT090,javascript,path-traversal,semgrep,5,5,4,4,5,"it's so clear because it explains the path traversal issue, identifies the affected code location and describes the potential impact of allowing arbitrary file reads"
R_8CeHTeszsVbgYNP,validation,TV12,EX060,OUT103,javascript,cmd-injection,codeql,4,4,4,1,4,it's relatively clear and identifies the exact line where the issue occurs... It also explains that the command depends on user provided input and that a malicious user could change the meaning of the command
R_8HtVWCWAFgcqQcC,validation,TV1,EX001,OUT003,java,sqli,semgrep,5,3,5,2,5,"From the SAST output, I can see that it is clear, easy to follow and includes all five required reporting elements. It also provides exact location precision down to the column (line 57, column 13) for the prepareCall invocation. 

Actionability is relatively high-level since it recommends parameterized SQL queries and links to an OWASP cheat sheet, but it does not offer concrete Java code examples in order to demonstrate how to safely construct or bind parameters for a CallableStatement."
R_8HtVWCWAFgcqQcC,validation,TV2,EX006,OUT012,java,xss,codeql,5,3,5,1,4,"This SAST output is very concise and clear. It pinpoints the issue down to the exact line and column (line 55, column 71), but it lacks remediation guidance entirely since it does not offer any fix recommendations, code sanitization examples, HTML encoding advice or even reference links. 

Only four of the five expected components are present and actionability is minimal because developers are given no guidance on how to sanitize the output or fix the issue."
R_8HtVWCWAFgcqQcC,validation,TV3,EX011,OUT019,java,path-traversal,bearer,5,5,4,4,5,"The SAST output is clear, thorough, and includes all five required assessment components. It correctly flags line 56 as a high-severity path traversal issue. The explanation effectively describes the impact of allowing unsanitized user input in file path construction (e.g., unauthorized file access and data breaches). 

Actionability is strong because it suggests multiple remediation strategies like safelisting or using FilenameUtils.getName() and it also provides a clear Java code example illustrating the fix, even though the example is generic rather than directly inline with the snippet."
R_8HtVWCWAFgcqQcC,validation,TV4,EX019,OUT032,java,cmd-injection,semgrep,5,3,5,2,5,"There is clarity in the SAST output. It is  concise and also includes all five required components. It provides high precision by listing the exact line and column (line 62, column 9) where string concatenation occurs inside argList. 

Actionability is also relatively high-level because it recommends avoiding OS commands or using a whitelist and links to OWASP but it lacks concrete Java refactoring examples to demonstrate how to properly parameterize ProcessBuilder arguments."
R_8HtVWCWAFgcqQcC,validation,TV5,EX025,OUT047,python,sqli,codeql,5,3,5,2,5,"This output is clear and precise and accurately pinpoints the SQL injection risk at line 342, column 28 (cursor.execute). It also includes all the 5 standard components and correctly assigns an 'error' severity with a general explanation of the risk. 

Actionability is limited because the message repetitively lists 10 user-provided dependencies without showing any concrete code remediation examples or showing how to properly parametize the query within the snippet."
R_8HtVWCWAFgcqQcC,validation,TV6,EX030,OUT054,python,xss,semgrep,5,4,5,4,5,"The SAST output is clear and accurately flags the security risk at line 20, column 12 (HttpResponse(html)). It includes all five standard SAST reporting components and provides a accurate 'WARNING' severity rating. 

It explicitly explains why using direct HttpResponse bypasses Django's automatic XSS protections and offers helpful guidance by pointing directly to Django's standard render() shortcut documentation for proper template rendering"
R_8HtVWCWAFgcqQcC,validation,TV7,EX032,OUT056,python,path-traversal,codeql,5,3,5,2,5,"This SAST output is very clear and specific. Pointing directly to line 8 column 5 where the unsafe tar.extractall() call occurs. It includes all the 5 expected elements and clearly flags a high severity Tar Slip vulnerability. 

Actionability is however limited because the guidance only offers high-level conceptual advice to validate destination file paths as opposed to concrete code remediation or referencing Python's built-in extraction filters like filter='data', which has ironically been demonstrated later in this same code snippet."
R_8HtVWCWAFgcqQcC,validation,TV8,EX037,OUT063,python,cmd-injection,bearer,5,3,4,2,5,"The SAST output is clear and includes all five core reporting components and accurately identifies the OS command injection risk at line 21 (subprocess.run). Marking the issue as 'critical' is well justified considering the potential for arbitrary command execution. 

When it comes to actionability, this is somewhat limited because the remediation advice remains generic by recommending broad practices like safe lists or hardcoded values without demonstrating a concrete Python code refactor for this specific subprocess usage."
R_8HtVWCWAFgcqQcC,validation,TV9,EX041,OUT068,javascript,sqli,bearer,5,5,4,4,5,"This SAST output is clear, highly informative and also contains all five essential report components. It correctly identifies the SQL injection vulnerability at line 34 (models.sequelize.query). The 'critical' severity label is appropriately justified by explaining how unsanitized queries allow malicious users to access or manipulate database contents. 

For actionability, it is strong because it provides structured remediation steps along with a working JavaScript/Sequelize code example demonstrating parameterized queries."
R_8HtVWCWAFgcqQcC,validation,TV10,EX047,OUT079,javascript,xss,bearer,5,5,4,4,5,"This output is concise, easy to read and highly practical. It correctly flags line 172 where, dangerouslySetInnerHTML is called and includes all 5 core reporting elements. The explanation clearly links the high-severity rating to the risk of XSS through malicious script injection.

Actionability is strong because it provides a clear code pattern showing how to apply a sanitization function before rendering, along with external OWASP reference links."
R_8HtVWCWAFgcqQcC,validation,TV11,EX052,OUT090,javascript,path-traversal,semgrep,5,4,5,2,5,"From the SAST output, I can see that it is concise, easy to comprehend and also includes all five expected report components. It provides the exact location precision down to the column (line 14, column 20) where res.sendFile is invoked. 

But for actionability, this is relatively low because it only gives high-level remediation principles (canonicalization and input validation) and points to a generic OWASP cheat sheet rather than showing concrete code examples for securely resolving relative paths in Express."
R_8HtVWCWAFgcqQcC,validation,TV12,EX060,OUT103,javascript,cmd-injection,codeql,5,3,5,2,5,"This output is concise and accurate. It successfully identifies the command injection point in line 25, column 26 (spawn(exec, args)). It includes all 5 standard SAST report components and also assigns an appropriate 'error' severity. 

When it comes to actionability, it is minimal because the guidance only offers a general priciple about avoiding external inputs in commands without providing concrete remediation code or even showing how to properly sanitize or allowlist arguments in Node.js"
R_8OGGVkZoBIiOmmP,validation,TV1,EX001,OUT003,java,sqli,semgrep,3,3,5,2,5,explanation is a bit more vague and ghard to understand how to fix it in the code snippet
R_8OGGVkZoBIiOmmP,validation,TV2,EX006,OUT012,java,xss,codeql,5,3,4,4,5,it clear
R_8OGGVkZoBIiOmmP,validation,TV3,EX011,OUT019,java,path-traversal,bearer,2,3,4,4,5,"rule is not an actual explanation but it is possible to understand the hint to a rule. The guidance is hard to read, it is harder to catch there the fix is suggested, too many words."
R_8OGGVkZoBIiOmmP,validation,TV4,EX019,OUT032,java,cmd-injection,semgrep,2,3,4,2,4,"the rule is not clear, explanation and fix advice are vague"
R_8OGGVkZoBIiOmmP,validation,TV5,EX025,OUT047,python,sqli,codeql,2,3,4,1,4,"the message part is nonsense, no fix"
R_8OGGVkZoBIiOmmP,validation,TV6,EX030,OUT054,python,xss,semgrep,4,4,5,4,5,everything seems readable enough besides the rule.
R_8OGGVkZoBIiOmmP,validation,TV7,EX032,OUT056,python,path-traversal,codeql,4,4,5,1,4,"It is missing an advice how to fix it also warning : error seems to not be suitable for this particular issue, from the explanation given it should be more severe."
R_8OGGVkZoBIiOmmP,validation,TV8,EX037,OUT063,python,cmd-injection,bearer,3,3,4,2,5,vague suggestions how to avoid or fix it.
R_8OGGVkZoBIiOmmP,validation,TV9,EX041,OUT068,javascript,sqli,bearer,3,4,4,4,5,the guidance part makes it clearer what to fix
R_8OGGVkZoBIiOmmP,validation,TV10,EX047,OUT079,javascript,xss,bearer,4,4,3,4,5,the guidance and message part  made it clear
R_8OGGVkZoBIiOmmP,validation,TV11,EX052,OUT090,javascript,path-traversal,semgrep,4,4,5,4,5,"the message wording is a bit confusing but it is helpfull to have a guidance link to owasp webpage. Again the rule is just jumbled name of the rule, there is no explanation in it."
R_8OGGVkZoBIiOmmP,validation,TV12,EX060,OUT103,javascript,cmd-injection,codeql,3,3,4,2,5,explanation and guidance to fix it are vague and not specific enough
R_8PAOkdOnxfyCd9a,calibration,TC1,EX002,OUT005,java,sqli,semgrep,5,2,5,4,3,It was easy to understand and used plain english
R_8PAOkdOnxfyCd9a,calibration,TC2,EX007,OUT014,java,xss,codeql,4,2,5,2,2,The output was quite clear that XSS occurs due to user provided value written to web page and was highly specific with line 32 and 42.
R_8PAOkdOnxfyCd9a,calibration,TC3,EX012,OUT022,java,path-traversal,bearer,4,1,5,4,3,Output clearly identifies SQL injection risk
R_8PAOkdOnxfyCd9a,calibration,TC4,EX017,OUT030,java,cmd-injection,semgrep,4,1,5,4,3,"It was clear, it clearly identifies SQL injection. Which makes it highly specific"
R_8PAOkdOnxfyCd9a,calibration,TC5,EX021,OUT036,python,sqli,codeql,4,2,5,3,4,It was clear because it directly states the root cause
R_8PAOkdOnxfyCd9a,calibration,TC6,EX029,OUT053,python,xss,semgrep,3,2,5,3,3,The output detected direct use of jinja2 that can bypass escaping leading to XSS at line 23.
R_8PAOkdOnxfyCd9a,calibration,TC7,EX031,OUT055,python,path-traversal,codeql,4,2,5,2,2,It was moderately clear about path injection where path depends on the user.
R_8PAOkdOnxfyCd9a,calibration,TC8,EX039,OUT065,python,cmd-injection,bearer,5,5,4,4,5,"It was clear, it identified unsanitized OS command input at line 81. It also justified critical severity"
R_8PAOkdOnxfyCd9a,calibration,TC9,EX042,OUT071,javascript,sqli,bearer,5,5,4,5,5,"This was very clear, it clearly explained unsanitized input in SQL query, leads to SQL injection and justified critical severity."
R_8PAOkdOnxfyCd9a,calibration,TC10,EX046,OUT077,javascript,xss,bearer,5,5,4,5,5,It explained the xss in plain language so it was clear
R_8PAOkdOnxfyCd9a,calibration,TC11,EX051,OUT086,javascript,path-traversal,semgrep,3,2,5,2,2,The code shows file path handling vulnerable to null byte poisoning for path traversal.
R_8PAOkdOnxfyCd9a,calibration,TC12,EX058,OUT100,javascript,cmd-injection,codeql,4,2,5,2,2,The output identifies command injection at location line 74 column 0 where user provided URL is used in exec which is very specific
R_8QKROKCOj8cBn0N,calibration,TC1,EX002,OUT005,java,sqli,semgrep,5,2,4,4,4,the output gaps is the codes are not specific
R_8QKROKCOj8cBn0N,calibration,TC2,EX007,OUT014,java,xss,codeql,4,3,4,1,3,"the output is clean, precise on location but stops at diagnosis with no fix suggested"
R_8QKROKCOj8cBn0N,calibration,TC3,EX012,OUT022,java,path-traversal,bearer,5,2,4,4,4,the output is well formatted and it names a specific correct remediation tecnique rather than just gesturing
R_8QKROKCOj8cBn0N,calibration,TC4,EX017,OUT030,java,cmd-injection,semgrep,5,2,4,4,4,"the output loses points on severity justification because ""WARNING"" is asserted with only  generic rule level explanation"
R_8QKROKCOj8cBn0N,calibration,TC5,EX021,OUT036,python,sqli,codeql,4,3,4,1,4,The output is clear to read. It stops short of being useful for actually fixinfgthe problem.
R_8QKROKCOj8cBn0N,calibration,TC6,EX029,OUT053,python,xss,semgrep,4,3,3,3,3,"The message itself is well-written and understandable in isolation, but it struggles against a snippet that has many near-duplicate lines with subtly different (safe vs. unsafe) configurations."
R_8QKROKCOj8cBn0N,calibration,TC7,EX031,OUT055,python,path-traversal,codeql,4,3,3,1,3,the output is easy to read and easily located. but it stops at diagnosis.
R_8QKROKCOj8cBn0N,calibration,TC8,EX039,OUT065,python,cmd-injection,bearer,3,3,3,2,4,the output covers most of the expected bases but suffer from formatting that mashes distinct sections into a dense block
R_8QKROKCOj8cBn0N,calibration,TC9,EX042,OUT071,javascript,sqli,bearer,3,3,4,5,5,The output has all the content of any i'd expect to see genuinly actionable fix guidance with code samples. But its let down by pooer formatting that mases distinct sections
R_8QKROKCOj8cBn0N,calibration,TC10,EX046,OUT077,javascript,xss,bearer,4,3,3,4,4,The output is clear and strong but what is missing is lack of formatting
R_8QKROKCOj8cBn0N,calibration,TC11,EX051,OUT086,javascript,path-traversal,semgrep,5,4,4,3,5,it is clearly written. the main room for improvement is actionability.
R_8QKROKCOj8cBn0N,calibration,TC12,EX058,OUT100,javascript,cmd-injection,codeql,4,3,4,1,3,the output is clear and precisely located but it stops at flagging the problem without offering any path to resolution
R_8U4q9IRLcA8DfV7,validation,TV1,EX001,OUT003,java,sqli,semgrep,4,4,5,4,4,"the output was  clear , specific and east to act on and included all completenness elements"
R_8U4q9IRLcA8DfV7,validation,TV2,EX006,OUT012,java,xss,codeql,5,4,5,5,5,sast output was excellent clearly identified two issues
R_8U4q9IRLcA8DfV7,validation,TV3,EX011,OUT019,java,path-traversal,bearer,5,5,4,5,5,"good SAST  output , very clear and explained the user input files and also high severity risk reeading a user controlled file and outputting it contains at line 5-8, provided ecaxt location and included all 5 compleeness components"
R_8U4q9IRLcA8DfV7,validation,TV4,EX019,OUT032,java,cmd-injection,semgrep,4,4,4,5,4,"it was clear , specific and identified damaged data from the flow , it explained the vulnerability and its command injection ."
R_8U4q9IRLcA8DfV7,validation,TV5,EX025,OUT047,python,sqli,codeql,1,2,3,4,4,pointed out the issue and its exact location and type but message was redundant and didnt explain
R_8U4q9IRLcA8DfV7,validation,TV6,EX030,OUT054,python,xss,semgrep,4,3,4,4,4,it was specific with the exact line number  and specific  with the risk identified however the justicificaton couldve been improved .
R_8U4q9IRLcA8DfV7,validation,TV7,EX032,OUT056,python,path-traversal,codeql,4,4,4,3,4,"output explains the slip risk line , where an untrusted input is identified . specific about the location and impact of files , the path explained the need for validation however it was not actionable"
R_8U4q9IRLcA8DfV7,validation,TV8,EX037,OUT063,python,cmd-injection,bearer,3,4,5,1,3,location and severity specific but lacked clarity
R_8U4q9IRLcA8DfV7,validation,TV9,EX041,OUT068,javascript,sqli,bearer,5,4,4,5,5,the sast was clear and critical explained all 5 completeness elements and they were present
R_8U4q9IRLcA8DfV7,validation,TV10,EX047,OUT079,javascript,xss,bearer,5,4,4,5,5,"it was clear and specific identiofied 172 lines uses , the guidance was actionable and included all completeness components"
R_8U4q9IRLcA8DfV7,validation,TV11,EX052,OUT090,javascript,path-traversal,semgrep,4,3,5,4,5,"the output was clear and specific about the line , risk and actionable in having path validation but it could provide a code example"
R_8U4q9IRLcA8DfV7,validation,TV12,EX060,OUT103,javascript,cmd-injection,codeql,4,4,5,4,4,"it was specific about line 25, the remediation to use a whitelist was actionable however it could be improved with concrete ode example"
R_8dRqIFtwbjt9AqN,validation,TV1,EX001,OUT003,java,sqli,semgrep,4,3,4,2,4,"The output clearly identifies the location and the SQL injection risk, but remediation relies on an external link rather than code examples."
R_8dRqIFtwbjt9AqN,validation,TV2,EX006,OUT012,java,xss,codeql,4,2,4,2,3,"The output is concise and points to the exact line, but the description is very brief and the remediation guidance is completely missing concrete advice or code example on how to properly sanitize or encode the output to prevent XSS"
R_8dRqIFtwbjt9AqN,validation,TV3,EX011,OUT019,java,path-traversal,bearer,5,4,5,5,5,"The out put is very clear, well-explained, and provides a concrete code example for secure path handling."
R_8dRqIFtwbjt9AqN,validation,TV4,EX019,OUT032,java,cmd-injection,semgrep,4,2,4,2,4,The output clearly identifiers the location and warning about commant injection
R_8dRqIFtwbjt9AqN,validation,TV5,EX025,OUT047,python,sqli,codeql,2,2,4,2,3,"The output correctly identifies the location and gives an error level, but the message text is heavily repetitive (repeating the user-provided value phrase many times) which reduces clarity."
R_8dRqIFtwbjt9AqN,validation,TV6,EX030,OUT054,python,xss,semgrep,5,3,4,2,4,"The output is clear and identifier the exact line and risk regarding HttpResponse usage, but remediation relies on an external link rather than inline code ex"
R_8dRqIFtwbjt9AqN,validation,TV7,EX032,OUT056,python,path-traversal,codeql,4,3,4,2,3,"The output identifies the location and severity clearly, but lacks remediation guidance or code examples on how to safely extract archives."
R_8dRqIFtwbjt9AqN,validation,TV8,EX037,OUT063,python,cmd-injection,bearer,5,3,5,3,5,"The output is clear and comprehensive, providing a severity label, exact location, and a solid explanation of the risk."
R_8dRqIFtwbjt9AqN,validation,TV9,EX041,OUT068,javascript,sqli,bearer,5,4,4,5,5,"The output is very clear, well-structured, and provides excellent concrete code example for both unsafe practices and secure parameterized remediation"
R_8dRqIFtwbjt9AqN,validation,TV10,EX047,OUT079,javascript,xss,bearer,5,4,4,5,5,"The output is very clear, well-explaines, and provides a direct code example for sanitizing the input before passing it to dangerouslySetInnerHTML."
R_8dRqIFtwbjt9AqN,validation,TV11,EX052,OUT090,javascript,path-traversal,semgrep,5,4,4,3,4,"The output is clear and points to correct line with a good explation of the path traversal risk, though remediation relies on an external link rather than code examples."
R_8dRqIFtwbjt9AqN,validation,TV12,EX060,OUT103,javascript,cmd-injection,codeql,4,2,5,2,3,"The output lacks detailed explanations and code examples for remediation, though it provides the location and severity."
R_8xy3xHPW1OzJuHL,calibration,TC1,EX002,OUT005,java,sqli,semgrep,5,5,5,5,5,The output is very clear on why and how to the apply the fix.It is concise  will all the necessary information.
R_8xy3xHPW1OzJuHL,calibration,TC2,EX007,OUT014,java,xss,codeql,5,3,5,2,3,The severity level is could be more clearer.The output should have included a sample code snippet or provide some built in java function on how to solve the issue.The output could be more specific on how to solve the vulnerability.
R_8xy3xHPW1OzJuHL,calibration,TC3,EX012,OUT022,java,path-traversal,bearer,5,5,5,5,5,"The output is useful ,I will have to go into documentation with the correct pointers provided but I would have liked sample codes to be included in the message and guidance."
R_8xy3xHPW1OzJuHL,calibration,TC4,EX017,OUT030,java,cmd-injection,semgrep,5,5,5,5,5,"The output is straight to the point on the right information I need to know to fix the vulnerability, though I would have preferred a lengthy guidance plus the link to owsap.org .The output is still very useful."
R_8xy3xHPW1OzJuHL,calibration,TC5,EX021,OUT036,python,sqli,codeql,5,3,4,2,3,"The output identifies the error,but it is not clear enough on how to fix the error.It is too brief .The severity label does not say how critical the error is."
R_8xy3xHPW1OzJuHL,calibration,TC6,EX029,OUT053,python,xss,semgrep,5,5,5,5,5,"The output is very concise,it explains clearly with code snippets how to apply the fix."
R_8xy3xHPW1OzJuHL,calibration,TC7,EX031,OUT055,python,path-traversal,codeql,4,3,5,2,3,I would have loved the output to have a more lengthy guidance on how to fix the issue with correct code snippets to use and also a more clearer severity label.
R_8xy3xHPW1OzJuHL,calibration,TC8,EX039,OUT065,python,cmd-injection,bearer,5,5,5,5,5,The outputs provides and in depth explanation on how to solve this vulnerability.It needs a minor improvement of providing small example code snippets on how to solve the issue to reinforce what is has already outlined.
R_8xy3xHPW1OzJuHL,calibration,TC9,EX042,OUT071,javascript,sqli,bearer,5,5,5,5,5,It clearly pinpoints the vulnerability and clearly explains broadly why and how to solve the vulnerability.
R_8xy3xHPW1OzJuHL,calibration,TC10,EX046,OUT077,javascript,xss,bearer,5,5,5,5,5,The output provides a proper in depth  guidance of the vulnerability and provides clear code snippets addressing the vulnerability
R_8xy3xHPW1OzJuHL,calibration,TC11,EX051,OUT086,javascript,path-traversal,semgrep,5,5,5,5,5,"The output clearly explains on how to fix the vulnerability,it could have been made better by providing code snippets fixing the vulnerability to augment the already provided explanation."
R_8xy3xHPW1OzJuHL,calibration,TC12,EX058,OUT100,javascript,cmd-injection,codeql,5,3,3,2,2,The output could have provide code snippets on how to solve the issue with built in JS functions.The severity label needs to be more specific.The output is too brief and does not provide much needed lengthy explanation
R_9I6PA8OW5PdSXAV,validation,TV1,EX001,OUT003,java,sqli,semgrep,5,4,4,3,5,"The output is easy to understand and clearly explains that HTTP request input is going into a SQL statement, which could lead to SQL injection. The WARNING severity is given and the output explains the general risk, although it doesnt go into much detail about what an attacker could actually do if the issue was exploited. It gives the exact line and column, but it doesnt point out the specific sql variable or the connection.prepareCall(sql) statement as the part responsible. The suggested fix of using parameterized queries or sanitizing the input is useful, but it is still fairly general and doesnt show exactly how to change this code. The output includes all five expected parts: severity, issue description, location, explanation of the vulnerability, and remediation guidance."
R_9I6PA8OW5PdSXAV,validation,TV2,EX006,OUT012,java,xss,codeql,5,2,4,2,4,"The output is easy to understand because it clearly says that user input is being written to the web page and that this can cause XSS. It gives an error severity, but it doesnt really explain why the issue is serious or what could happen if someone exploits it, so I gave severity justification a 2. It points to the exact line and column, but it doesnt say which specific part of the line is responsible. The guidance explains the general problem but doesnt tell the developer exactly how to fix the code, so actionability is only a 2. It has the severity, issue description, location and explanation of the vulnerability, but it is missing proper remediation guidance, so it covers 4 of the 5 expected parts."
R_9I6PA8OW5PdSXAV,validation,TV3,EX011,OUT019,java,path-traversal,bearer,5,5,4,5,5,"The output is clear and easy to understand. It gives a High severity rating and explains the possible risk, like unauthorized access to files and data breaches. It points to line 56, but it doesnt clearly mention the exact part of the code causing the issue. The fix is easy to follow since it suggests sanitizing the input, using a safelist, and even gives an example. Overall, it covers all five things expected: severity, issue, location, why its a problem, and how to fix it."
R_9I6PA8OW5PdSXAV,validation,TV4,EX019,OUT032,java,cmd-injection,semgrep,5,4,4,3,5,"The output is easy to understand and clearly explains that HTTP request input is being passed into a ProcessBuilder command, which could cause command injection. It gives an ERROR severity and explains the risk in relation to the code, although it doesnt explain in much detail what an attacker could actually do if the issue was exploited. It identifies line 62 and the ProcessBuilder or exec command, but it doesnt point to the exact variable or expression responsible. The suggested fixes, like avoiding OS commands with user input or using a whitelist, are useful but fairly general and dont give detailed code-level instructions. It includes all five expected parts: severity, issue description, location, explanation of the vulnerability, and remediation guidance."
R_9I6PA8OW5PdSXAV,validation,TV5,EX025,OUT047,python,sqli,codeql,4,3,4,2,4,"The output is mostly easy to understand, but the message is repetitive because it says the same thing many times about user-provided values. It gives an error severity, but it only gives a general explanation of SQL injection and doesnt explain the specific impact of this code in much detail. It points to line 342, column 28, so the location is specific, but it doesnt clearly identify the exact query or variable responsible. The guidance explains that building SQL from user-controlled input is dangerous, but it doesnt tell the developer exactly what to change or give an example of using parameterized queries. It includes the severity, issue description, location and explanation of the vulnerability, but the remediation guidance is very limited."
R_9I6PA8OW5PdSXAV,validation,TV6,EX030,OUT054,python,xss,semgrep,5,4,4,4,5,"The output is easy to understand and clearly explains that data is being sent directly through HttpResponse, which can bypass Django's built-in XSS protection. It gives a WARNING severity and explains the security risk, although it doesnt describe in detail what an attacker could do if the vulnerability was exploited. The location is specific because it points to line 20, column 12, but it doesnt identify the exact expression on that line that is responsible. The suggested fix is useful because it tells the developer to use Django's template engine, although it doesnt give a complete code example for this exact snippet. All five expected parts are included: severity, issue description, location, explanation of the vulnerability, and remediation guidance."
R_9I6PA8OW5PdSXAV,validation,TV7,EX032,OUT056,python,path-traversal,codeql,5,4,4,2,4,"The output is easy to understand and clearly explains that the file extraction uses a potentially untrusted source. It gives an error severity and explains the risk that a malicious archive could overwrite files outside the intended destination directory, although it doesnt describe the impact in much detail. It identifies line 8, column 5, so it is quite specific, but it doesnt point out the exact tar.extractall() call or explain which argument is causing the problem. The guidance explains what needs to be protected against, but it doesnt give a clear code-level fix or example, so I would rate actionability 2. It contains the severity, issue description, location, and vulnerability explanation, but it doesnt provide actual remediation advice, so it has 4 of the 5 expected parts."
R_9I6PA8OW5PdSXAV,validation,TV8,EX037,OUT063,python,cmd-injection,bearer,5,5,4,4,5,"The output is easy to understand and clearly explains that user input is being used in an OS command, which can lead to command injection. The critical severity is well explained, including the possibility of attackers executing unauthorized commands and compromising the system. It points to line 21, so the location is specific, but it doesnt identify the exact subprocess.run() argument or variable that is responsible. The remediation is useful because it recommends avoiding dynamic OS commands and using safer alternatives, hardcoded values, or allowlists. However, it doesnt show exactly how to modify this code, so I gave actionability a 4. All five expected parts are included."
R_9I6PA8OW5PdSXAV,validation,TV9,EX041,OUT068,javascript,sqli,bearer,5,5,4,5,5,"The output is easy to understand and clearly explains the SQL injection issue. It gives a critical severity and explains that an attacker could manipulate the SQL query and access or change data. It points to line 34, but it doesnt clearly identify the exact part of the query that is causing the problem, so I gave specificity a 4. The fixes are useful and easy to act on, especially the example using parameterized queries."
R_9I6PA8OW5PdSXAV,validation,TV10,EX047,OUT079,javascript,xss,bearer,5,4,4,5,5,"The output is easy to understand and clearly explains that using dangerouslySetInnerHTML with unsanitized data can cause an XSS vulnerability. It gives a high severity and explains the risk of malicious scripts being injected, although it doesnt go into much detail about the impact in this specific code. It identifies line 172, but it doesnt point out the exact dangerouslySetInnerHTML={{ __html: preview.content }} expression as the responsible part, so I gave specificity a 4. The remediation is very actionable because it directly recommends sanitizing the data and gives a code example showing how to use sanitize(data). It includes all five expected parts: severity, issue description, location, explanation of the vulnerability, and remediation guidance."
R_9I6PA8OW5PdSXAV,validation,TV11,EX052,OUT090,javascript,path-traversal,semgrep,5,5,5,4,5,"The output is easy to understand and clearly explains that user input is passed to res.sendFile, which could let an attacker read files through path traversal. It gives a WARNING severity and explains the possible impact on the system, so the severity is well justified. It is very specific because it points to line 14, column 20 and identifies res.sendFile as the relevant part. The fix is also useful because it recommends input validation and checking the canonicalized path against the intended directory, although it doesnt give an exact code example. All five expected parts are included: severity, issue description, location, explanation of the vulnerability, and remediation guidance."
R_9I6PA8OW5PdSXAV,validation,TV12,EX060,OUT103,javascript,cmd-injection,codeql,5,4,4,3,5,"The output is easy to understand and clearly describes the SQL injection issue. It gives a WARNING severity and explains that unsanitized HTTP input entering the SQL statement could lead to SQL injection, although it doesnt explain in detail what an attacker could do if it was exploited. The location is specific because it gives line 57, column 13, but it doesnt identify the exact expression responsible, such as prepareCall(sql). The suggested fix is useful, but it only gives general advice to use parameterized queries or sanitize the input, without showing exactly how to change this code. All five expected parts are included, so the completeness rating is 10/10."
R_9eeI1BzVILqvcjK,validation,TV1,EX001,OUT003,java,sqli,semgrep,4,3,2,3,4,"Clear output with exact line, but severity explanation is generic, remediation lacks concrete code changes, and fix guidance incomplete."
R_9eeI1BzVILqvcjK,validation,TV2,EX006,OUT012,java,xss,codeql,3,2,5,2,2,The output clearly identifies the XSS issue and its location but the explanation and fix are too general. It lacks clear severity justification and detailed mediation steps
R_9eeI1BzVILqvcjK,validation,TV3,EX011,OUT019,java,path-traversal,bearer,4,3,4,3,4,"Clear output with exact line, but severity justification is generic, remediation lacks code-specific steps and missing detailed fix guidelines."
R_9eeI1BzVILqvcjK,validation,TV4,EX019,OUT032,java,cmd-injection,semgrep,4,3,4,3,4,"Clear output with exact line, but severity explanation lacks concrete code changes, and fix guidance is incomplete."
R_9eeI1BzVILqvcjK,validation,TV5,EX025,OUT047,python,sqli,codeql,4,3,2,3,3,"Clear location and issue, but severity justification is generic. lacks detailed fixing guide."
R_9eeI1BzVILqvcjK,validation,TV6,EX030,OUT054,python,xss,semgrep,4,3,3,4,4,"Clear output with exact line, but severity justification is generic. Lacks remediation process."
R_9eeI1BzVILqvcjK,validation,TV7,EX032,OUT056,python,path-traversal,codeql,4,3,4,3,4,Clear output with exact line but generic explanation is given. Remediation lacks concrete code changes.
R_9eeI1BzVILqvcjK,validation,TV8,EX037,OUT063,python,cmd-injection,bearer,4,3,4,3,4,Clear output with exact line number but severity explanation  is generic. Lacks concrete remediation.
R_9eeI1BzVILqvcjK,validation,TV9,EX041,OUT068,javascript,sqli,bearer,4,5,5,5,5,"The output is detailed, clearly explaining the SQL injection, its severity, exact code location, impact and practical mediation. Slightly lengthy but provides key information needed to understand and fix the issue."
R_9eeI1BzVILqvcjK,validation,TV10,EX047,OUT079,javascript,xss,bearer,3,2,3,1,2,The output identifies the vulnerability and severity but gives little explanation. Important details are missing
R_9eeI1BzVILqvcjK,validation,TV11,EX052,OUT090,javascript,path-traversal,semgrep,4,3,4,3,4,"Clear output with exact line number, but severity explanation is not code-specific. Remediation lacks concrete code changes, and missing tailored fix steps."
R_9eeI1BzVILqvcjK,validation,TV12,EX060,OUT103,javascript,cmd-injection,codeql,4,3,4,3,4,"Clear location and issue, but severity justification is generic, remediation lacks code-specific, and missing detailed fix guidance."
